Age,Gender,Education Level,Job Title,Years of Experience,Salary,Location,Skills
32,Male,Bachelor's,Software Engineer,5,90000,San Francisco,"Python, Java, Agile, Cloud Computing"
28,Female,Master's,Data Analyst,3,65000,New York,"SQL, Tableau, Excel, Data Visualization"
45,Male,PhD,Senior Manager,15,150000,Chicago,"Leadership, Strategic Planning, Budgeting"
36,Female,Bachelor's,Sales Associate,7,60000,Austin,"CRM, Negotiation, Customer Relations"
52,Male,Master's,Director,20,200000,Boston,"Executive Leadership, Business Strategy, P&L"
29,Male,Bachelor's,Marketing Analyst,2,55000,Seattle,"Google Analytics, SEO, Market Research"
42,Female,Master's,Product Manager,12,120000,San Jose,"Product Lifecycle, UX, Scrum, Roadmapping"
31,Male,Bachelor's,Sales Manager,4,80000,Dallas,"Salesforce, Team Leadership, B2B Sales"
26,Female,Bachelor's,Marketing Coordinator,1,45000,Denver,"Social Media, Content Creation, Events"
38,Male,PhD,Senior Scientist,10,110000,Boston,"Research, Data Analysis, Machine Learning"
29,Male,Master's,Software Developer,3,75000,Austin,"JavaScript, React, Git, CI/CD"
48,Female,Bachelor's,HR Manager,18,140000,Chicago,"Recruiting, Employee Relations, Compliance"
35,Male,Bachelor's,Financial Analyst,6,65000,New York,"Excel, Financial Modeling, Valuation"
40,Female,Master's,Project Manager,14,130000,Atlanta,"PMP, Risk Management, Stakeholder Communication"
27,Male,Bachelor's,Customer Service Rep,2,40000,Orlando,"Customer Support, Zendesk, Conflict Resolution"
44,Male,Bachelor's,Operations Manager,16,125000,Houston,"Process Improvement, Supply Chain, Lean Six Sigma"
33,Female,Master's,Marketing Manager,7,90000,Los Angeles,"Digital Marketing, Brand Strategy, Campaign Management"
39,Male,PhD,Senior Engineer,12,115000,Seattle,"C++, Embedded Systems, Hardware Design"
25,Female,Bachelor's,Data Entry Clerk,0,35000,Phoenix,"Typing, Data Accuracy, Office Software"
51,Male,Bachelor's,Sales Director,22,180000,New York,"Enterprise Sales, Contract Negotiation, Revenue Growth"
34,Female,Master's,Business Analyst,5,80000,Charlotte,"Requirements Gathering, UML, Process Mapping"
47,Male,Master's,VP of Operations,19,190000,Chicago,"Operations Strategy, Scaling, Cost Optimization"
30,Male,Bachelor's,IT Support,2,50000,Philadelphia,"Helpdesk, Troubleshooting, Active Directory"
36,Female,Bachelor's,Recruiter,9,60000,Austin,"Talent Acquisition, LinkedIn Recruiter, Interviewing"
41,Male,Master's,Financial Manager,13,140000,Boston,"Financial Reporting, GAAP, Team Leadership"
28,Female,Bachelor's,Social Media Specialist,3,45000,Miami,"Instagram, TikTok, Content Scheduling"
37,Female,Master's,Software Manager,11,110000,San Francisco,"Team Leadership, Agile, Code Review"
24,Male,Bachelor's,Junior Developer,1,40000,Portland,"HTML/CSS, JavaScript, Debugging"
43,Female,PhD,Senior Consultant,15,140000,Washington DC,"Client Engagement, Problem Solving, Industry Analysis"
33,Male,Master's,Product Designer,6,90000,San Diego,"Figma, UX Research, Prototyping"
50,Male,Bachelor's,CEO,25,250000,New York,"Board Management, Fundraising, Corporate Strategy"
31,Female,Bachelor's,Accountant,4,55000,Minneapolis,"QuickBooks, Tax Preparation, Auditing"
29,Male,Master's,Data Scientist,3,75000,Boston,"Python, Machine Learning, Statistical Modeling"
39,Female,Bachelor's,Marketing Specialist,10,65000,Detroit,"Email Marketing, Copywriting, A/B Testing"
46,Male,PhD,Senior Manager,20,170000,San Francisco,"Cross-functional Leadership, OKRs, Mergers & Acquisitions"
27,Male,Bachelor's,Technical Writer,2,45000,Raleigh,"Documentation, Markdown, API Guides"
35,Female,Bachelor's,HR Generalist,7,60000,Chicago,"Recruiting, Employee Relations, HR Software"
42,Male,Master's,Project Engineer,14,115000,Houston,"AutoCAD, Project Scheduling, Vendor Management"
26,Female,Bachelor's,Customer Success Rep,1,40000,Indianapolis,"Client Onboarding, SaaS, Relationship Management"
49,Male,Bachelor's,Sales Executive,21,160000,Los Angeles,"Key Account Management, Pipeline Development, Forecasting"
34,Female,Master's,UX Designer,5,80000,Seattle,"User Research, Wireframing, Usability Testing"
48,Male,Master's,Operations Director,18,190000,Dallas,"Logistics, KPI Tracking, Operational Efficiency"
30,Male,Bachelor's,Network Engineer,3,60000,Atlanta,"Cisco, Firewalls, Network Security"
36,Female,Bachelor's,Administrative Assistant,8,45000,Columbus,"Calendar Management, Travel Coordination, Office Administration"
41,Male,Master's,Strategy Consultant,13,130000,New York,"Market Analysis, Competitive Intelligence, Business Cases"
28,Female,Bachelor's,Copywriter,2,40000,Portland,"SEO Writing, Brand Voice, Editing"
32,Male,Bachelor's,Account Manager,5,75000,Chicago,"Client Retention, Upselling, CRM Management"
45,Female,Master's,Director of Marketing,16,180000,San Francisco,"Brand Positioning, Go-to-Market Strategy, Team Leadership"
38,Male,PhD,Senior Scientist,11,120000,Boston,"Genomics, Data Mining, Peer Review"
25,Male,Bachelor's,Help Desk Analyst,0,35000,Kansas City,"Ticketing Systems, Remote Support, Hardware Troubleshooting"
51,Female,Bachelor's,Customer Service Manager,22,130000,Orlando,"Team Leadership, SLA Management, Process Optimization"
33,Male,Master's,Business Intelligence Analyst,7,85000,New York,"Power BI, SQL, Dashboard Development"
40,Female,Bachelor's,Event Coordinator,12,60000,Las Vegas,"Vendor Coordination, Budgeting, Event Promotion"
47,Male,Master's,VP of Finance,19,200000,Chicago,"Financial Planning, Investor Relations, Treasury Management"
29,Female,Bachelor's,Graphic Designer,3,50000,Austin,"Adobe Creative Suite, Branding, Print Design"
36,Male,Bachelor's,Sales Manager,9,95000,Dallas,"Sales Team Leadership, Territory Management, Forecasting"
27,Female,Master's,UX Researcher,2,65000,Seattle,"User Interviews, Surveys, Persona Development"
43,Male,PhD,Senior Engineer,17,140000,San Jose,"Robotics, Computer Vision, Patent Development"
30,Female,Bachelor's,Social Media Manager,4,55000,Los Angeles,"Community Management, Influencer Partnerships, Analytics"
35,Male,Master's,Product Manager,7,105000,Boston,"Prioritization, Market Research, Stakeholder Alignment"
51,Female,Master's,Director of Operations,23,170000,Chicago,"Supply Chain, Lean Manufacturing, Cost Reduction"
29,Male,Bachelor's,Marketing Analyst,3,50000,Denver,"Google Ads, Conversion Tracking, CRM Analysis"
40,Female,Bachelor's,HR Manager,12,80000,Minneapolis,"Performance Management, Compensation, Labor Law"
47,Male,PhD,Senior Data Scientist,21,180000,San Francisco,"Deep Learning, NLP, Big Data"
26,Male,Bachelor's,Junior Accountant,1,35000,Indianapolis,"Bookkeeping, Financial Statements, Reconciliation"
38,Female,Master's,Digital Marketing Manager,10,90000,New York,"PPC, SEO, Marketing Automation"
46,Male,Bachelor's,IT Manager,19,120000,Atlanta,"IT Infrastructure, Cybersecurity, Vendor Negotiation"
31,Female,Bachelor's,Customer Service Representative,5,45000,Phoenix,"Call Center, CRM, Conflict Resolution"
34,Male,Master's,Business Development Manager,8,90000,Houston,"Partnerships, Lead Generation, Contract Negotiation"
49,Female,Master's,Senior Financial Analyst,18,150000,Boston,"Financial Modeling, Forecasting, Investor Presentations"
33,Male,Bachelor's,Web Developer,6,65000,Portland,"HTML/CSS, JavaScript, Responsive Design"
39,Female,Bachelor's,Recruiter,11,70000,Austin,"Technical Recruiting, Employer Branding, Offer Negotiation"
45,Male,PhD,Research Director,16,190000,San Diego,"R&D, Grant Writing, Intellectual Property"
28,Male,Bachelor's,Technical Support Specialist,2,40000,Raleigh,"Hardware Troubleshooting, Windows/Mac OS, Remote Desktop"
42,Female,Master's,Creative Director,14,120000,Los Angeles,"Art Direction, Campaign Concepting, Team Leadership"
37,Male,Bachelor's,Project Manager,10,95000,Chicago,"Agile, Waterfall, Risk Management"
50,Female,Bachelor's,Operations Manager,22,160000,Dallas,"Process Optimization, Six Sigma, Team Leadership"
32,Male,Master's,Senior Software Engineer,6,100000,San Francisco,"Scalability, Microservices, Code Review"
48,Female,Master's,Human Resources Director,20,180000,New York,"Talent Strategy, DEI Initiatives, Organizational Development"
30,Female,Bachelor's,Content Marketing Manager,3,55000,Seattle,"Blogging, SEO, Editorial Calendar"
36,Male,Bachelor's,Technical Recruiter,8,70000,Austin,"Technical Screening, Boolean Search, Candidate Experience"
41,Female,Master's,Data Analyst,13,80000,Boston,"SQL, Python, Data Cleaning"
25,Male,Bachelor's,Sales Representative,0,30000,Orlando,"Cold Calling, Prospecting, Sales Pipeline"
52,Male,PhD,Chief Technology Officer,24,250000,San Francisco,"Technology Roadmap, Innovation, Engineering Culture"
29,Female,Bachelor's,Junior Designer,2,40000,Portland,"Adobe XD, UI Design, Wireframing"
34,Female,Master's,Financial Advisor,10,95000,Charlotte,"Retirement Planning, Investment Strategies, Client Relations"
27,Male,Bachelor's,Junior Account Manager,2,45000,Columbus,"Account Growth, Client Onboarding, CRM"
40,Female,Bachelor's,HR Generalist,15,80000,Minneapolis,"Employee Engagement, Policy Development, Benefits Administration"
46,Male,Master's,Senior Project Manager,21,135000,Chicago,"Stakeholder Management, Budgeting, Agile/Scrum"
31,Female,Bachelor's,Marketing Coordinator,6,55000,Denver,"Event Planning, Social Media, Email Campaigns"
36,Male,PhD,Principal Scientist,11,120000,Boston,"Hypothesis Testing, Peer Review, Grant Writing"
29,Female,Bachelor's,Sales Associate,3,40000,San Antonio,"Retail Sales, Product Knowledge, POS Systems"
43,Male,Bachelor's,Supply Chain Manager,18,105000,Detroit,"Inventory Management, Logistics, ERP Systems"
52,Female,Master's,Senior Marketing Manager,25,170000,New York,"Brand Strategy, Team Leadership, Market Expansion"
33,Male,Bachelor's,Business Analyst,7,75000,Atlanta,"Process Improvement, Data Analysis, Requirements Documentation"
39,Female,Bachelor's,Training Specialist,12,65000,Orlando,"Instructional Design, LMS, Facilitation"
47,Male,PhD,Research Scientist,22,160000,San Diego,"Experimental Design, Data Visualization, Publications"
26,Male,Bachelor's,Junior Software Developer,1,35000,Kansas City,"Java, Debugging, Unit Testing"
38,Female,Master's,Public Relations Manager,10,90000,Los Angeles,"Media Relations, Crisis Communication, Press Releases"
45,Male,Bachelor's,Operations Analyst,20,110000,Houston,"Data Analysis, Process Mapping, KPI Tracking"
31,Female,Bachelor's,Event Coordinator,5,45000,Las Vegas,"Venue Sourcing, Event Logistics, Registration Management"
35,Male,Master's,Product Marketing Manager,8,95000,San Francisco,"Go-to-Market Strategy, Competitive Analysis, Sales Enablement"
49,Female,Master's,Senior HR Manager,19,150000,Chicago,"Organizational Development, Compensation Strategy, Labor Relations"
33,Male,Bachelor's,Junior Web Developer,5,50000,Austin,"HTML, CSS, JavaScript Basics"
39,Female,Master's,Senior Project Coordinator,13,80000,Philadelphia,"Project Documentation, Meeting Coordination, Status Reporting"
44,Male,PhD,Chief Data Officer,16,220000,New York,"Data Governance, AI Strategy, Enterprise Architecture"
30,Female,Bachelor's,Digital Content Producer,3,50000,Seattle,"Video Editing, SEO, CMS Platforms"
36,Male,Bachelor's,IT Support Specialist,7,60000,Indianapolis,"Helpdesk, Troubleshooting, Network Basics"
41,Female,Master's,Senior Marketing Analyst,14,100000,Boston,"Customer Segmentation, Predictive Modeling, ROI Analysis"
28,Male,Bachelor's,Customer Success Manager,2,40000,San Diego,"Client Retention, SaaS Metrics, QBRs"
42,Female,Master's,Senior Graphic Designer,15,110000,New York,"Adobe Creative Suite, Art Direction, Brand Guidelines"
37,Male,Bachelor's,Software Project Manager,9,95000,San Jose,"Agile, Scrum, Release Planning"
50,Female,Bachelor's,Supply Chain Analyst,22,130000,Dallas,"Inventory Optimization, Demand Forecasting, ERP Systems"
32,Male,Master's,Senior Business Analyst,6,90000,Chicago,"Data Modeling, SQL, Process Optimization"
23,Female,Bachelor's,Junior Marketing Analyst,0.5,35000,Austin,"Excel, Social Media Metrics, Market Research"
31,Male,Master's,Senior Financial Analyst,6,95000,Boston,"Financial Reporting, Variance Analysis, Budgeting"
40,Female,Bachelor's,Office Manager,15,65000,Philadelphia,"Facilities Management, Vendor Relations, Executive Support"
48,Male,PhD,Principal Engineer,20,170000,San Francisco,"System Architecture, Technical Leadership, Code Review"
29,Female,Bachelor's,Junior HR Generalist,3,45000,Columbus,"Onboarding, HRIS Administration, Compliance"
35,Male,Master's,Senior Product Manager,10,120000,Seattle,"Roadmapping, User Stories, A/B Testing"
42,Female,Bachelor's,Sales Manager,17,100000,Houston,"Sales Team Leadership, Pipeline Management, Coaching"
53,Male,Master's,Director of Marketing,25,180000,New York,"Brand Strategy, Digital Transformation, Team Leadership"
33,Female,Bachelor's,Junior Operations Analyst,5,50000,Atlanta,"Excel, Process Documentation, Data Entry"
38,Male,Bachelor's,Customer Service Manager,11,80000,Phoenix,"Team Leadership, Quality Assurance, Process Improvement"
44,Female,PhD,Senior Scientist,16,140000,Boston,"Molecular Biology, Lab Management, Publications"
26,Male,Bachelor's,Junior Accountant,2,40000,Indianapolis,"AP/AR, Reconciliation, Month-End Close"
37,Female,Master's,Senior HR Generalist,9,95000,Chicago,"Employee Relations, Performance Management, HR Policies"
45,Male,Bachelor's,Sales Operations Manager,18,110000,Dallas,"Sales Analytics, CRM Optimization, Commission Structures"
32,Female,Bachelor's,Marketing Coordinator,4,50000,Denver,"Social Media Scheduling, Event Coordination, Email Marketing"
34,Male,Master's,Senior Software Developer,8,105000,San Francisco,"Full-Stack Development, Code Review, Mentoring"
50,Female,Master's,Director of Operations,21,160000,Chicago,"Supply Chain, Process Improvement, P&L Management"
29,Male,Bachelor's,Junior Web Designer,3,45000,Portland,"Figma, WordPress, Responsive Design"
40,Female,Master's,Senior Training Specialist,12,100000,Orlando,"Curriculum Development, eLearning, LMS Administration"
47,Male,PhD,Senior Research Scientist,22,160000,San Diego,"Experimental Design, Data Analysis, Grant Writing"
27,Male,Bachelor's,Junior Sales Representative,1,35000,San Antonio,"Prospecting, Cold Calling, CRM Data Entry"
39,Female,Bachelor's,Administrative Assistant,10,55000,Columbus,"Calendar Management, Travel Coordination, Expense Reporting"
46,Male,Master's,Senior Project Manager,19,140000,Chicago,"Stakeholder Management, Risk Mitigation, Agile"
30,Female,Bachelor's,Junior Marketing Manager,4,50000,Austin,"Campaign Execution, Social Media, Analytics"
36,Male,Bachelor's,Junior Data Analyst,7,60000,Atlanta,"Excel, SQL, Data Cleaning"
43,Female,Master's,Senior Product Marketing Manager,14,120000,San Francisco,"Go-to-Market Strategy, Competitive Analysis, Sales Training"
28,Male,Bachelor's,Junior Business Analyst,2,40000,Raleigh,"Requirements Gathering, Process Mapping, Documentation"
41,Female,Master's,Senior Marketing Manager,13,110000,New York,"Brand Management, Digital Strategy, Team Leadership"
33,Male,Bachelor's,Junior Software Developer,5,50000,Kansas City,"Java, Debugging, Unit Testing"
47,Male,Bachelor's,Senior Sales Manager,20,135000,Dallas,"Key Account Management, Negotiation, Revenue Growth"
25,Female,Master's,Junior Marketing Specialist,1.5,40000,Seattle,"Content Creation, Social Media, SEO Basics"
34,Male,Bachelor's,Senior Business Analyst,8,90000,Chicago,"SQL, Tableau, Process Improvement"
42,Female,PhD,Senior Data Scientist,16,150000,San Francisco,"Machine Learning, Python, Big Data"
31,Male,Bachelor's,Junior Project Manager,4,60000,Philadelphia,"Agile Basics, Task Coordination, Status Reporting"
38,Female,Bachelor's,Senior Accountant,10,80000,Minneapolis,"GAAP, Financial Reporting, Audit Support"
45,Male,Master's,Director of Sales,19,175000,New York,"Revenue Strategy, Team Leadership, Forecasting"
29,Female,Bachelor's,Junior Recruiter,3,45000,Austin,"Sourcing, Interview Coordination, Employer Branding"
36,Male,Master's,Senior Business Development Manager,11,120000,Houston,"Partnerships, Market Expansion, Contract Negotiation"
43,Female,PhD,Senior Product Designer,18,140000,San Francisco,"UX Research, Prototyping, Design Systems"
26,Male,Bachelor's,Junior Customer Support Specialist,2,35000,Orlando,"Ticketing Systems, Troubleshooting, Knowledge Base"
37,Female,Master's,Senior Marketing Analyst,9,95000,Boston,"Customer Segmentation, Predictive Modeling, ROI Analysis"
44,Male,Bachelor's,Senior IT Support Specialist,14,110000,Atlanta,"Network Troubleshooting, Security Protocols, Helpdesk"
32,Female,Bachelor's,Junior Financial Analyst,5,50000,Charlotte,"Excel, Financial Reporting, Variance Analysis"
33,Male,Master's,Senior Operations Manager,7,115000,Dallas,"Process Optimization, Team Leadership, KPI Tracking"
51,Female,PhD,Director of Human Resources,23,185000,Chicago,"Talent Strategy, Organizational Development, DEI"
28,Male,Bachelor's,Junior Software Engineer,2,40000,Portland,"Python, Debugging, Version Control"
39,Female,Bachelor's,Senior Sales Representative,12,90000,Los Angeles,"Account Management, Relationship Building, Quota Attainment"
48,Male,Master's,Director of Product Management,21,175000,San Francisco,"Product Strategy, Roadmapping, Cross-functional Leadership"
30,Female,Bachelor's,Junior Copywriter,3,45000,New York,"Brand Voice, SEO Writing, Editing"
35,Male,Bachelor's,Senior Marketing Coordinator,7,80000,Denver,"Campaign Execution, Social Media, Event Planning"
41,Female,Master's,Senior Human Resources Manager,13,120000,Chicago,"Employee Relations, Policy Development, Compliance"
27,Male,Bachelor's,Junior Business Development Associate,1.5,35000,Houston,"Lead Generation, Market Research, Outreach"
40,Female,Bachelor's,Senior Account Manager,14,110000,New York,"Client Retention, Upselling, Contract Negotiation"
46,Male,PhD,Senior Researcher,18,150000,Boston,"Academic Research, Data Analysis, Peer Review"
31,Female,Bachelor's,Junior HR Coordinator,4,50000,Minneapolis,"Onboarding, HRIS, Compliance Support"
34,Male,Master's,Senior Software Engineer,9,105000,San Francisco,"Backend Development, APIs, System Design"
50,Female,Master's,Director of Finance,20,180000,New York,"Financial Planning, Investor Relations, Treasury"
29,Male,Bachelor's,Junior Marketing Coordinator,2,40000,Seattle,"Social Media Scheduling, Content Creation"
43,Male,Bachelor's,Senior Project Manager,16,140000,Chicago,"Agile, Risk Management, Stakeholder Communication"
26,Female,Master's,Junior Data Scientist,1.5,45000,Boston,"Python, Machine Learning Basics, Data Cleaning"
35,Male,Bachelor's,Senior Operations Analyst,7,85000,Dallas,"Excel, Process Mapping, KPI Reporting"
42,Female,PhD,Senior Marketing Manager,18,140000,New York,"Brand Strategy, Campaign Management, Team Leadership"
31,Male,Bachelor's,Junior Accountant,4,50000,Indianapolis,"Bookkeeping, Reconciliation, Financial Statements"
38,Female,Bachelor's,Senior Human Resources Coordinator,10,80000,Chicago,"Employee Relations, Benefits Administration, Compliance"
46,Male,Master's,Director of Operations,20,170000,Houston,"Supply Chain, Process Optimization, Cost Reduction"
29,Female,Bachelor's,Junior Sales Representative,2,40000,San Antonio,"Prospecting, CRM, Sales Presentations"
37,Male,Master's,Senior Business Analyst,9,105000,Atlanta,"Data Analysis, Requirements Gathering, Process Improvement"
44,Female,PhD,Senior UX Designer,15,145000,San Francisco,"User Research, Wireframing, Design Systems"
27,Male,Bachelor's,Junior Product Manager,2,40000,Seattle,"Roadmap Assistance, User Stories, Market Research"
36,Female,Bachelor's,Senior Marketing Specialist,8,85000,Los Angeles,"Digital Marketing, Campaign Execution, Analytics"
43,Male,Bachelor's,Senior IT Project Manager,14,130000,Chicago,"Agile, Budgeting, Vendor Management"
33,Female,Master's,Senior Financial Analyst,6,95000,Boston,"Financial Modeling, Forecasting, Investor Relations"
34,Male,Bachelor's,Senior Quality Assurance Analyst,9,100000,Austin,"Test Automation, Bug Tracking, Regression Testing"
50,Female,PhD,Director of Sales and Marketing,22,180000,New York,"Revenue Growth, Brand Strategy, Team Leadership"
28,Male,Bachelor's,Junior Operations Analyst,1.5,35000,Atlanta,"Data Entry, Process Documentation, Reporting"
39,Female,Bachelor's,Senior Account Executive,12,95000,Chicago,"Enterprise Sales, Contract Negotiation, Client Relations"
47,Male,Master's,Director of Business Development,19,170000,San Francisco,"Partnerships, Market Expansion, Revenue Strategy"
30,Female,Bachelor's,Junior Social Media Manager,3,45000,Los Angeles,"Content Creation, Community Engagement, Analytics"
34,Male,Bachelor's,Senior Product Manager,7,95000,Seattle,"Roadmapping, Prioritization, Stakeholder Alignment"
40,Female,Master's,Senior Human Resources Specialist,13,120000,Chicago,"Employee Relations, Talent Development, HR Policies"
28,Male,Bachelor's,Junior Business Analyst,2,40000,Raleigh,"Requirements Documentation, Process Mapping, Data Analysis"
41,Female,Bachelor's,Senior Marketing Coordinator,11,90000,New York,"Campaign Execution, Social Media, Event Planning"
45,Male,PhD,Senior Data Analyst,17,155000,San Francisco,"SQL, Python, Data Visualization"
32,Female,Bachelor's,Junior Account Manager,5,55000,Chicago,"Client Onboarding, CRM, Upselling"
35,Male,Master's,Senior Software Developer,9,110000,Seattle,"Full-Stack Development, Code Review, Mentoring"
49,Female,Master's,Director of Human Capital,21,180000,New York,"Talent Strategy, Leadership Development, Compensation"
30,Male,Bachelor's,Junior Advertising Coordinator,3,45000,Los Angeles,"Media Planning, Campaign Tracking, Vendor Coordination"
44,Male,Bachelor's,Senior Sales Manager,16,130000,Dallas,"Team Leadership, Revenue Growth, Key Accounts"
27,Female,Master's,Junior UX Designer,1.5,45000,San Francisco,"Wireframing, User Testing, Figma"
36,Male,Bachelor's,Senior Accountant,7,90000,Chicago,"Financial Reporting, GAAP, Month-End Close"
41,Female,PhD,Senior Marketing Director,17,160000,New York,"Brand Strategy, Digital Transformation, Team Leadership"
31,Male,Bachelor's,Junior HR Generalist,4,50000,Minneapolis,"Onboarding, HRIS, Employee Relations"
39,Female,Bachelor's,Senior Operations Manager,10,120000,Houston,"Process Optimization, Team Leadership, KPI Tracking"
47,Male,Master's,Director of Finance,20,170000,Chicago,"Financial Planning, Investor Relations, Treasury"
30,Female,Bachelor's,Junior Marketing Coordinator,2,40000,Seattle,"Social Media, Content Scheduling, Event Support"
38,Male,Master's,Senior IT Consultant,9,110000,New York,"Cloud Migration, Cybersecurity, Infrastructure"
45,Female,PhD,Senior Product Designer,15,150000,San Francisco,"UX Research, Prototyping, Design Systems"
28,Male,Bachelor's,Junior Business Development Associate,2,40000,Austin,"Lead Generation, Market Research, Outreach"
35,Female,Bachelor's,Senior Marketing Analyst,8,85000,Los Angeles,"Customer Segmentation, ROI Analysis, Competitive Research"
44,Male,Bachelor's,Senior Software Engineer,14,130000,Seattle,"Scalability, Microservices, Code Review"
34,Female,Master's,Senior Financial Advisor,6,100000,Boston,"Wealth Management, Retirement Planning, Client Relations"
35,Male,Bachelor's,Senior Project Coordinator,9,95000,Chicago,"Project Documentation, Meeting Coordination, Status Reporting"
50,Female,PhD,Director of Operations,22,180000,Houston,"Supply Chain, Process Optimization, Cost Reduction"
29,Male,Bachelor's,Junior Business Operations Analyst,1.5,35000,Atlanta,"Data Entry, Process Documentation, Reporting"
40,Female,Bachelor's,Senior Sales Representative,12,100000,Dallas,"Account Management, Revenue Growth, Negotiation"
48,Male,Master's,Director of Marketing,19,170000,New York,"Brand Strategy, Digital Marketing, Team Leadership"
31,Female,Bachelor's,Junior Social Media Specialist,3,45000,Los Angeles,"Content Creation, Community Engagement, Analytics"
33,Male,Bachelor's,Senior Product Development Manager,7,100000,Seattle,"Innovation, Roadmapping, Cross-functional Teams"
42,Female,Master's,Senior Human Resources Manager,13,140000,Chicago,"Talent Strategy, Employee Relations, Compliance"
28,Male,Bachelor's,Junior Financial Analyst,2,40000,Boston,"Excel, Financial Reporting, Variance Analysis"
40,Female,Bachelor's,Senior Marketing Manager,11,105000,New York,"Brand Management, Campaign Execution, Team Leadership"
46,Male,PhD,Senior Data Scientist,18,160000,San Francisco,"Machine Learning, Python, Big Data"
33,Female,Bachelor's,Junior Operations Manager,5,70000,Atlanta,"Process Documentation, Reporting, Team Coordination"
37,Male,Master's,Senior Software Architect,9,120000,Seattle,"System Design, Scalability, Technical Leadership"
51,Female,Master's,Director of Human Resources,21,190000,Chicago,"Organizational Development, Talent Strategy, DEI"
30,Male,Bachelor's,Junior Marketing Specialist,3,45000,Los Angeles,"Content Creation, Social Media, SEO Basics"
43,Male,Bachelor's,Senior Project Manager,15,120000,Houston,"Agile, Risk Management, Stakeholder Communication"
27,Female,Master's,Junior Research Scientist,1.5,50000,Boston,"Lab Research, Data Collection, Analysis"
35,Male,Bachelor's,Senior Operations Analyst,8,85000,Dallas,"Excel, Process Mapping, KPI Reporting"
42,Female,PhD,Senior Marketing Manager,13,140000,New York,"Brand Strategy, Campaign Management, Team Leadership"
32,Male,Bachelor's,Junior Sales Representative,3,45000,San Antonio,"Prospecting, CRM, Sales Presentations"
37,Female,Bachelor's,Senior Financial Analyst,9,100000,Chicago,"Financial Reporting, Budgeting, Variance Analysis"
45,Male,Master's,Senior Software Developer,16,140000,Seattle,"Full-Stack Development, Code Review, Mentoring"
33,Female,Bachelor's,Junior Operations Analyst,5,70000,Atlanta,"Data Entry, Process Documentation, Reporting"
39,Male,Bachelor's,Senior Marketing Specialist,10,120000,Los Angeles,"Digital Marketing, Campaign Execution, Analytics"
44,Female,PhD,Senior HR Manager,18,160000,Chicago,"Talent Strategy, Organizational Development, DEI"
29,Male,Bachelor's,Junior Business Analyst,1.5,40000,Raleigh,"Requirements Documentation, Process Mapping, Data Analysis"
38,Female,Bachelor's,Senior Product Manager,10,120000,San Francisco,"Roadmapping, Prioritization, Stakeholder Alignment"
46,Male,PhD,Senior Data Analyst,19,150000,Boston,"SQL, Python, Data Visualization"
34,Female,Bachelor's,Junior Marketing Analyst,6,70000,Los Angeles,"Market Research, Competitive Analysis, Reporting"
36,Male,Bachelor's,Senior Operations Manager,8,95000,Houston,"Process Optimization, Team Leadership, KPI Tracking"
49,Female,Master's,Director of Marketing,21,180000,New York,"Brand Strategy, Digital Transformation, Team Leadership"
31,Male,Bachelor's,Junior Financial Analyst,3,50000,Chicago,"Excel, Financial Reporting, Variance Analysis"
41,Female,Bachelor's,Senior Project Coordinator,11,95000,Atlanta,"Project Documentation, Meeting Coordination, Status Reporting"
47,Male,Master's,Director of Operations,20,170000,Dallas,"Supply Chain, Process Optimization, Cost Reduction"
30,Female,Bachelor's,Junior Marketing Coordinator,2,40000,Seattle,"Social Media, Content Scheduling, Event Support"
38,Male,Master's,Senior IT Consultant,9,110000,New York,"Cloud Migration, Cybersecurity, Infrastructure"
45,Female,PhD,Senior Product Designer,15,150000,San Francisco,"UX Research, Prototyping, Design Systems"
28,Male,Bachelor's,Junior Business Development Associate,2,40000,Austin,"Lead Generation, Market Research, Outreach"
35,Female,Bachelor's,Senior Marketing Analyst,8,85000,Los Angeles,"Customer Segmentation, ROI Analysis, Competitive Research"
44,Male,Bachelor's,Senior Software Engineer,14,130000,Seattle,"Scalability, Microservices, Code Review"
34,Female,Master's,Senior Financial Advisor,6,100000,Boston,"Wealth Management, Retirement Planning, Client Relations"
35,Male,Bachelor's,Senior Project Coordinator,9,95000,Chicago,"Project Documentation, Meeting Coordination, Status Reporting"
50,Female,PhD,Director of Operations,22,180000,Houston,"Supply Chain, Process Optimization, Cost Reduction"
37,Female,Bachelor's,Senior Financial Manager,10,120000,New York,"Financial Planning, Investor Relations, Treasury"
46,Male,PhD,Senior Data Scientist,18,160000,San Francisco,"Machine Learning, Python, Big Data"
31,Female,Bachelor's,Junior Marketing Coordinator,3,50000,Seattle,"Social Media, Content Scheduling, Event Support"
42,Male,Bachelor's,Senior Operations Manager,12,110000,Chicago,"Process Optimization, Team Leadership, KPI Tracking"
29,Female,Bachelor's,Junior Sales Representative,1.5,40000,San Antonio,"Prospecting, CRM, Sales Presentations"
36,Male,Bachelor's,Senior Marketing Specialist,8,95000,Los Angeles,"Digital Marketing, Campaign Execution, Analytics"
44,Female,Master's,Senior HR Specialist,15,140000,Chicago,"Talent Strategy, Employee Relations, Compliance"
33,Male,Bachelor's,Junior Operations Manager,4,60000,Atlanta,"Process Documentation, Reporting, Team Coordination"
39,Female,Bachelor's,Senior Marketing Coordinator,9,110000,New York,"Campaign Execution, Social Media, Event Planning"
45,Male,PhD,Senior Data Engineer,16,150000,San Francisco,"ETL Pipelines, SQL, Big Data"
32,Female,Bachelor's,Junior Marketing Manager,4,60000,Los Angeles,"Content Creation, Social Media, Analytics"
37,Male,Bachelor's,Senior Financial Analyst,8,90000,Chicago,"Financial Reporting, Budgeting, Variance Analysis"
47,Female,Master's,Director of Marketing,20,180000,New York,"Brand Strategy, Digital Transformation, Team Leadership"
30,Male,Bachelor's,Junior Business Analyst,2,40000,Raleigh,"Requirements Documentation, Process Mapping, Data Analysis"
38,Female,Bachelor's,Senior Project Manager,9,120000,Houston,"Agile, Risk Management, Stakeholder Communication"
46,Male,PhD,Senior Data Analyst,17,160000,Boston,"SQL, Python, Data Visualization"
34,Female,Bachelor's,Junior Financial Analyst,5,70000,Chicago,"Excel, Financial Reporting, Variance Analysis"
36,Male,Bachelor's,Senior Product Manager,8,95000,San Francisco,"Roadmapping, Prioritization, Stakeholder Alignment"
49,Female,Master's,Director of Operations,21,180000,Dallas,"Supply Chain, Process Optimization, Cost Reduction"
31,Male,Bachelor's,Junior Operations Analyst,3,50000,Atlanta,"Data Entry, Process Documentation, Reporting"
41,Female,Bachelor's,Senior Project Coordinator,11,95000,Chicago,"Project Documentation, Meeting Coordination, Status Reporting"
47,Male,Master's,Director of Marketing,19,170000,New York,"Brand Strategy, Digital Transformation, Team Leadership"
29,Female,Bachelor's,Junior Business Development Associate,1.5,35000,Austin,"Lead Generation, Market Research, Outreach"
35,Male,Bachelor's,Senior Financial Manager,9,100000,Boston,"Financial Planning, Investor Relations, Treasury"
44,Female,PhD,Senior Product Designer,15,150000,San Francisco,"UX Research, Prototyping, Design Systems"
33,Male,Bachelor's,Junior Business Analyst,4,60000,Raleigh,"Requirements Documentation, Process Mapping, Data Analysis"
35,Female,Bachelor's,Senior Marketing Analyst,8,85000,Los Angeles,"Customer Segmentation, ROI Analysis, Competitive Research"
44,Male,Bachelor's,Senior Software Engineer,13,130000,Seattle,"Scalability, Microservices, Code Review"
32,Male,Bachelor's,Junior Product Manager,4,65000,San Francisco,"Roadmap Assistance, User Stories, Market Research"
38,Female,Bachelor's,Senior Business Analyst,10,110000,Chicago,"Data Analysis, Requirements Gathering, Process Improvement"
49,Male,PhD,Director of Operations,21,180000,Houston,"Supply Chain, Process Optimization, Cost Reduction"
29,Female,Bachelor's,Junior Marketing Specialist,2,40000,Los Angeles,"Content Creation, Social Media, SEO Basics"
35,Male,Bachelor's,Senior Business Development Manager,7,90000,New York,"Partnerships, Market Expansion, Revenue Strategy"
45,Female,Master's,Senior HR Manager,14,140000,Chicago,"Talent Strategy, Employee Relations, Compliance"
33,Male,Bachelor's,Junior Financial Analyst,4,60000,Boston,"Excel, Financial Reporting, Variance Analysis"
40,Female,Bachelor's,Senior Marketing Manager,12,130000,New York,"Brand Management, Campaign Execution, Team Leadership"
44,Male,PhD,Senior Data Scientist,16,160000,San Francisco,"Machine Learning, Python, Big Data"
30,Female,Bachelor's,Junior Operations Coordinator,2,40000,Atlanta,"Data Entry, Process Documentation, Reporting"
37,Male,Bachelor's,Senior Marketing Analyst,9,100000,Los Angeles,"Customer Segmentation, ROI Analysis, Competitive Research"
48,Female,Master's,Director of HR,20,180000,Chicago,"Organizational Development, Talent Strategy, DEI"
31,Male,Bachelor's,Junior Project Manager,3,55000,Seattle,"Agile Basics, Task Coordination, Status Reporting"
38,Female,Bachelor's,Senior Operations Coordinator,9,120000,Houston,"Process Optimization, Team Leadership, KPI Tracking"
45,Male,PhD,Senior Data Engineer,16,150000,San Francisco,"ETL Pipelines, SQL, Big Data"
33,Female,Bachelor's,Junior Marketing Manager,5,70000,Los Angeles,"Content Creation, Social Media, Analytics"
36,Male,Bachelor's,Senior Business Analyst,8,95000,Chicago,"Data Analysis, Requirements Gathering, Process Improvement"
49,Female,Master's,Director of Marketing,21,180000,New York,"Brand Strategy, Digital Transformation, Team Leadership"
31,Male,Bachelor's,Junior Operations Analyst,3,50000,Atlanta,"Data Entry, Process Documentation, Reporting"
42,Female,Bachelor's,Senior Project Manager,12,120000,Houston,"Agile, Risk Management, Stakeholder Communication"
47,Male,Master's,Director of Marketing,19,170000,New York,"Brand Strategy, Digital Transformation, Team Leadership"
29,Female,Bachelor's,Junior Business Development Associate,1.5,35000,Austin,"Lead Generation, Market Research, Outreach"
35,Male,Bachelor's,Senior Financial Manager,9,100000,Boston,"Financial Planning, Investor Relations, Treasury"
44,Female,PhD,Senior Product Designer,15,150000,San Francisco,"UX Research, Prototyping, Design Systems"
33,Male,Bachelor's,Junior Business Analyst,4,60000,Raleigh,"Requirements Documentation, Process Mapping, Data Analysis"
35,Female,Bachelor's,Senior Marketing Analyst,8,85000,Los Angeles,"Customer Segmentation, ROI Analysis, Competitive Research"
44,Male,Bachelor's,Senior Software Engineer,13,130000,Seattle,"Scalability, Microservices, Code Review"
34,Female,Master's,Senior Financial Advisor,6,80000,Boston,"Wealth Management, Retirement Planning, Client Relations"
36,Male,Bachelor's,Senior Marketing Specialist,8,95000,Los Angeles,"Digital Marketing, Campaign Execution, Analytics"
30,Female,Bachelor's,Junior HR Coordinator,2,40000,Chicago,"Onboarding, HRIS, Compliance Support"
37,Male,Bachelor's,Senior Business Development Manager,10,120000,New York,"Partnerships, Market Expansion, Revenue Strategy"
45,Female,Master's,Senior Marketing Manager,16,160000,Los Angeles,"Brand Strategy, Campaign Management, Team Leadership"
32,Male,Bachelor's,Junior Financial Advisor,4,65000,Boston,"Investment Strategies, Client Presentations"
39,Female,Bachelor's,Senior Project Manager,12,130000,Chicago,"Agile, Risk Management, Stakeholder Communication"
47,Male,PhD,Director of Engineering,20,180000,San Francisco,"Technical Leadership, Innovation, Scalability"
29,Female,Bachelor's,Junior Marketing Analyst,2,40000,Los Angeles,"Market Research, Competitive Analysis, Reporting"
36,Male,Bachelor's,Senior Operations Manager,9,100000,Houston,"Process Optimization, Team Leadership, KPI Tracking"
43,Female,PhD,Senior Data Scientist,15,150000,San Francisco,"Machine Learning, Python, Big Data"
32,Male,Bachelor's,Junior Marketing Coordinator,3,55000,Seattle,"Social Media, Content Scheduling, Event Support"
38,Female,Bachelor's,Senior Business Analyst,10,110000,Chicago,"Data Analysis, Requirements Gathering, Process Improvement"
48,Male,Master's,Director of Marketing,21,180000,New York,"Brand Strategy, Digital Transformation, Team Leadership"
31,Female,Bachelor's,Junior Business Development Associate,3,50000,Austin,"Lead Generation, Market Research, Outreach"
40,Male,Bachelor's,Senior Financial Analyst,12,130000,Boston,"Financial Reporting, Budgeting, Variance Analysis"
45,Female,PhD,Senior UX Designer,16,160000,San Francisco,"User Research, Prototyping, Design Systems"
33,Male,Bachelor's,Junior Product Manager,4,60000,Seattle,"Roadmap Assistance, User Stories, Market Research"
36,Female,Bachelor's,Senior Marketing Manager,8,95000,Los Angeles,"Brand Management, Campaign Execution, Team Leadership"
47,Male,Master's,Director of Operations,19,170000,Dallas,"Supply Chain, Process Optimization, Cost Reduction"
29,Female,Bachelor's,Junior Project Manager,2,40000,Seattle,"Agile Basics, Task Coordination, Status Reporting"
34,Male,Bachelor's,Senior Operations Coordinator,7,90000,Houston,"Process Documentation, Reporting, Team Coordination"
44,Female,PhD,Senior Business Analyst,15,150000,Chicago,"Data Analysis, Requirements Gathering, Process Improvement"
33,Male,Bachelor's,Junior Marketing Specialist,5,70000,Los Angeles,"Content Creation, Social Media, Analytics"
35,Female,Bachelor's,Senior Financial Manager,8,90000,Boston,"Financial Planning, Investor Relations, Treasury"
43,Male,Master's,Director of Marketing,18,170000,New York,"Brand Strategy, Digital Transformation, Team Leadership"
31,Female,Bachelor's,Junior Financial Analyst,3,50000,Chicago,"Excel, Financial Reporting, Variance Analysis"
41,Male,Bachelor's,Senior Product Manager,14,150000,San Francisco,"Roadmapping, Prioritization, Stakeholder Alignment"
44,Female,PhD,Senior Data Engineer,16,160000,Boston,"ETL Pipelines, SQL, Big Data"
33,Male,Bachelor's,Junior Business Analyst,4,60000,Raleigh,"Requirements Documentation, Process Mapping, Data Analysis"
35,Female,Bachelor's,Senior Marketing Analyst,8,85000,Los Angeles,"Customer Segmentation, ROI Analysis, Competitive Research"
45,Male,Master's,Director of Engineering,19,180000,San Francisco,"Technical Leadership, Innovation, Scalability"
28,Female,Bachelor's,Junior Operations Manager,1,35000,Atlanta,"Process Documentation, Reporting, Team Coordination"
36,Male,Bachelor's,Senior Business Development Manager,8,110000,New York,"Partnerships, Market Expansion, Revenue Strategy"
44,Female,PhD,Senior Data Scientist,16,160000,San Francisco,"Machine Learning, Python, Big Data"
31,Male,Bachelor's,Junior Marketing Coordinator,3,55000,Seattle,"Social Media, Content Scheduling, Event Support"
38,Female,Bachelor's,Senior Business Analyst,10,110000,Chicago,"Data Analysis, Requirements Gathering, Process Improvement"
48,Male,Master's,Director of Marketing,21,180000,New York,"Brand Strategy, Digital Transformation, Team Leadership"
31,Female,Bachelor's,Junior Business Development Associate,3,50000,Austin,"Lead Generation, Market Research, Outreach"
40,Male,Bachelor's,Senior Financial Analyst,12,130000,Boston,"Financial Reporting, Budgeting, Variance Analysis"
45,Female,PhD,Senior UX Designer,16,160000,San Francisco,"User Research, Prototyping, Design Systems"
33,Male,Bachelor's,Junior Product Manager,4,60000,Seattle,"Roadmap Assistance, User Stories, Market Research"
36,Female,Bachelor's,Senior Marketing Manager,8,95000,Los Angeles,"Brand Management, Campaign Execution, Team Leadership"
47,Male,Master's,Director of Operations,19,170000,Dallas,"Supply Chain, Process Optimization, Cost Reduction"
29,Female,Bachelor's,Junior Project Manager,2,40000,Seattle,"Agile Basics, Task Coordination, Status Reporting"
34,Male,Bachelor's,Senior Operations Coordinator,7,90000,Houston,"Process Documentation, Reporting, Team Coordination"
44,Female,PhD,Senior Business Analyst,15,150000,Chicago,"Data Analysis, Requirements Gathering, Process Improvement"
33,Male,Bachelor's,Junior Marketing Specialist,5,70000,Los Angeles,"Content Creation, Social Media, Analytics"
35,Female,Bachelor's,Senior Financial Manager,8,90000,Boston,"Financial Planning, Investor Relations, Treasury"
43,Male,Master's,Director of Operations,19,170000,Chicago,"Supply Chain, Process Optimization, Cost Reduction"
29,Female,Bachelor's,Junior Project Manager,2,40000,Seattle,"Agile Basics, Task Coordination, Status Reporting"
34,Male,Bachelor's,Senior Operations Coordinator,7,90000,Houston,"Process Documentation, Reporting, Team Coordination"
44,Female,PhD,Senior Business Analyst,15,150000,Chicago,"Data Analysis, Requirements Gathering, Process Improvement"
